EDRPOU,Name,Address,Contacts,KOATUU,Wastes_pzuv,Wastes_tonnes,amount_I,amount_II,amount_III,amount_IV
38316777,"ТзОВ ""Альянс Маркет""","03186, м. Київ, вул. Соціалістична, буд. 5, корпус 2",//03244/ 3-99-9,4610136600,13106.9,3524.470500000001,1.9004999999999999,0.0,1.6700000000000004,3520.8999999999996
31570412,"АТ ""Укртранснафта"" ЛВДС ""Броди""","01010, м. Київ, вул. Московська, 32/2",/0326634362,4620386401,8511.299,1307.0911999999998,0.3236,8.07,31.828599999999998,1266.8690000000001
25560823,"ПАТ ""Укртрансгаз"" філія УМГ ""Львівтрансгаз"" Угерське ВВРіСП","01021, м. Київ, узвіз Кловський, 9/1",soroka-yn@utg.ua/0324588221,4611200000,8485.107,281.77200000000005,0.474,11.691,0.0,269.60699999999997
35519082,"ТОВ ""ГЛАС ТРЬОШ КИЇВ""","м. Київ, Оболонський р-н., вул. Лебединська, 4",/0445946776,4610137500,8059.076,6587.509,0.29300000000000004,0.0,0.14,6587.076
03187714,Львівське казенне експериментальне підприємство засобів пересування і протезування,"79052, м. Львів, вул. Рудненська, 10",office@protez.com.ua/0322676845,4610136300,7721.120000000001,446.176,1.056,4.0,0.0,441.11999999999995